City_ID,City,Cloudiness,Country,Date,Humidity,Lat,Lng,Max Temp,Wind Speed
0,Ushuaia,20,AR,03/24/2019 3:00,76,-54.81,-68.31,51.8,20.8
1,Busselton,12,AU,03/24/2019 3:40,29,-33.64,115.35,72,15.79
2,Clonakilty,40,IE,03/24/2019 3:00,80,51.62,-8.87,39.2,5.82
3,Oranjemund,92,ZA,03/24/2019 3:42,92,-28.55,16.43,62.22,2.48
4,Dingle,0,PH,03/24/2019 3:41,55,11,122.67,84.63,15.68
5,Kodiak,90,US,03/24/2019 3:38,57,39.95,-94.76,53.01,8.05
6,Guymon,20,US,03/24/2019 3:15,66,36.68,-101.48,50,11.41
7,Arraial do Cabo,12,BR,03/24/2019 3:41,92,-22.97,-42.02,77.88,9.75
8,Rikitea,80,PF,03/24/2019 3:41,99,-23.12,-134.97,79.14,18.25
9,Uryupinsk,20,RU,03/24/2019 3:33,84,50.8,42.01,30.99,1.01
10,Punta Arenas,75,CL,03/24/2019 3:33,87,-53.16,-70.91,51.8,12.75
11,Grindavik,40,IS,03/24/2019 3:31,100,63.84,-22.43,33.8,3.36
12,Sinnamary,100,GF,03/24/2019 3:43,99,5.38,-52.96,78.78,11.54
13,Saint Marys,1,US,03/24/2019 3:40,50,41.43,-78.56,30.2,5.82
14,Port Alfred,68,ZA,03/24/2019 3:39,97,-33.59,26.89,73.99,1.01
15,La Ronge,20,CA,03/24/2019 3:00,62,55.1,-105.3,19.4,8.05
16,Upernavik,32,GL,03/24/2019 3:41,100,72.79,-56.15,-10.24,11.1
17,Puerto Ayora,24,EC,03/24/2019 3:31,95,-0.74,-90.35,77,10.87
18,Pangnirtung,68,CA,03/24/2019 3:43,73,66.15,-65.72,5.16,26.08
19,Iberia,32,PE,03/24/2019 3:43,92,-11.41,-69.49,74.73,1.48
20,Behshahr,0,IR,03/24/2019 3:00,100,36.69,53.54,44.6,4.7
21,Ponta do Sol,64,BR,03/24/2019 3:41,92,-20.63,-46,67.26,2.93
22,Antalaha,0,MG,03/24/2019 3:43,94,-14.9,50.28,76.53,10.09
23,Namwala,8,ZM,03/24/2019 3:43,77,-15.75,26.45,67.89,9.42
24,Namibe,88,AO,03/24/2019 3:43,100,-15.19,12.15,78.06,1.36
25,Quatre Cocos,75,MU,03/24/2019 3:38,83,-20.21,57.76,82.4,11.41
26,Hays,1,US,03/24/2019 3:31,87,38.88,-99.33,50,12.75
27,Anadyr,75,RU,03/24/2019 3:43,78,64.73,177.51,8.6,14.45
28,Vila Velha,75,BR,03/24/2019 3:38,94,-3.71,-38.6,79,2.24
29,Bredasdorp,92,ZA,03/24/2019 3:30,83,-34.53,20.04,69.8,1.12
30,Kingston,5,CA,03/24/2019 3:42,56,44.23,-76.48,33.01,13.87
31,Kaitangata,100,NZ,03/24/2019 3:43,67,-46.28,169.85,69.42,3.71
32,Chegdomyn,12,RU,03/24/2019 3:43,41,51.13,133.04,19.38,3.15
33,Mataura,76,NZ,03/24/2019 3:40,82,-46.19,168.86,69.01,1.99
34,Cape Town,40,ZA,03/24/2019 3:38,93,-33.93,18.42,71.01,12.75
35,New Norfolk,75,AU,03/24/2019 3:41,60,-42.78,147.06,71.01,12.75
36,Hasaki,20,JP,03/24/2019 3:33,25,35.73,140.83,57,19.46
37,Kulhudhuffushi,0,MV,03/24/2019 3:43,100,6.62,73.07,83.73,7.85
38,Bluff,0,AU,03/24/2019 3:43,48,-23.58,149.07,90.66,8.3
39,Mar del Plata,0,AR,03/24/2019 3:43,100,-46.43,-67.52,45.93,3.15
40,Saldanha,0,PT,03/24/2019 3:43,90,41.42,-6.55,36.21,3.04
41,Akalkot,0,IN,03/24/2019 3:43,43,17.53,76.22,81.75,4.61
42,Jalu,0,LY,03/24/2019 3:43,82,29.03,21.55,56.73,9.64
43,Hami,0,CN,03/24/2019 3:43,47,42.84,93.51,49.8,8.08
44,Teknaf,0,BD,03/24/2019 3:43,71,20.86,92.31,84,3.49
45,Santa Isabel do Rio Negro,20,BR,03/24/2019 3:43,94,-0.41,-65.02,77.16,2.48
46,Saint-Philippe,1,CA,03/24/2019 3:40,46,45.36,-73.48,30.99,13.87
47,Jodar,0,ES,03/24/2019 3:42,77,37.84,-3.35,46.99,1.99
48,Inongo,92,CD,03/24/2019 3:43,100,-1.93,18.29,69.69,3.27
49,Bundibugyo,8,UG,03/24/2019 3:43,88,0.71,30.06,57.81,1.7
50,Samarai,92,PG,03/24/2019 3:43,100,-10.62,150.67,79.59,8.97
51,Kovdor,24,RU,03/24/2019 3:43,79,67.56,30.47,28.11,7.85
52,Port Lincoln,80,AU,03/24/2019 3:44,86,-34.72,135.86,68.79,22.39
53,Esperance,20,TT,03/24/2019 3:40,83,10.24,-61.45,77,9.17
54,San Quintin,12,PH,03/24/2019 3:44,43,17.54,120.52,84.54,3.83
55,Omboue,80,GA,03/24/2019 3:44,100,-1.57,9.26,78.96,3.83
56,Touros,40,BR,03/24/2019 3:00,94,-5.2,-35.46,78.8,5.82
57,Torbay,90,CA,03/24/2019 3:38,93,47.66,-52.73,37.99,18.34
58,Vaini,0,IN,03/24/2019 3:00,23,15.34,74.49,84.2,5.82
59,Thompson,5,CA,03/24/2019 3:00,54,55.74,-97.86,5,5.82
60,Vermilion,75,CA,03/24/2019 3:00,80,53.35,-110.85,35.6,13.87
61,Bambous Virieux,75,MU,03/24/2019 3:43,83,-20.34,57.76,82.4,11.41
62,Wajir,0,KE,03/24/2019 3:44,70,1.75,40.07,75.9,11.77
63,Majene,8,ID,03/24/2019 3:43,90,-3.54,118.97,84.99,10.42
64,Jamestown,92,AU,03/24/2019 3:41,92,-33.21,138.6,66.9,20.27
65,Yar-Sale,24,RU,03/24/2019 3:44,77,66.83,70.83,11.1,7.63
66,Karratha,100,AU,03/24/2019 3:44,70,-20.74,116.85,81.03,39.5
67,Baoqing,88,CN,03/24/2019 3:44,63,46.32,132.2,31.26,9.64
68,Homer,75,US,03/24/2019 3:42,70,59.64,-151.54,44.6,4.7
69,Hermanus,20,ZA,03/24/2019 3:30,97,-34.42,19.24,60.01,2.71
70,Longyearbyen,20,NO,03/24/2019 2:50,61,78.22,15.63,17.6,11.41
71,Albany,1,US,03/24/2019 3:38,40,42.65,-73.75,33.8,8.75
72,Tiksi,48,RU,03/24/2019 3:44,78,71.64,128.87,6.6,7.18
73,Avarua,92,CK,03/24/2019 3:00,94,-21.21,-159.78,77,3.36
74,Beyneu,0,KZ,03/24/2019 3:44,83,45.32,55.19,33.33,3.71
75,Guerrero Negro,0,MX,03/24/2019 3:44,88,27.97,-114.04,58.26,8.75
76,Lebu,20,ET,03/24/2019 3:00,58,8.96,38.73,57.2,4.7
77,Tasiilaq,0,GL,03/24/2019 2:50,40,65.61,-37.64,14,3.36
78,Butaritari,88,KI,03/24/2019 3:44,100,3.07,172.79,80.85,9.64
79,Torres,0,BR,03/24/2019 3:42,100,-29.34,-49.73,64.83,3.49
80,Khatanga,0,RU,03/24/2019 3:41,34,71.98,102.47,-9.88,6.06
81,Catalao,12,BR,03/24/2019 3:44,92,-18.17,-47.95,67.53,5.39
82,Pisco,0,PE,03/24/2019 3:00,73,-13.71,-76.2,71.6,8.05
83,Sola,20,NO,03/24/2019 3:40,100,58.89,5.65,42.01,9.17
84,Nikolskoye,20,RU,03/24/2019 3:40,93,59.7,30.79,37,4.47
85,Rawson,0,AR,03/24/2019 3:43,67,-43.3,-65.11,55.47,15.79
86,Amapa,20,HN,03/24/2019 3:00,73,15.09,-87.97,73.4,6.93
87,Chokurdakh,24,RU,03/24/2019 3:42,98,70.62,147.9,-0.34,4.38
88,Bethel,90,US,03/24/2019 2:56,75,60.79,-161.76,42.8,16.11
89,Hilo,1,US,03/24/2019 3:36,64,19.71,-155.08,75.2,11.41
90,Mount Isa,75,AU,03/24/2019 3:00,62,-20.73,139.49,84.2,18.34
91,Hovd,75,NO,03/24/2019 3:44,74,63.83,10.7,39,20.8
92,Bay Roberts,90,CA,03/24/2019 3:43,93,47.58,-53.28,37.99,18.34
93,Ilabaya,0,PE,03/24/2019 3:45,77,-17.42,-70.51,53.76,2.15
94,Ambilobe,48,MG,03/24/2019 3:45,96,-13.19,49.05,72.57,2.59
95,Rocha,0,UY,03/24/2019 3:45,71,-34.48,-54.34,61.32,8.19
96,Rio Gallegos,75,AR,03/24/2019 3:00,87,-51.62,-69.22,51.8,17.22
97,Kapaa,90,US,03/24/2019 3:38,83,22.08,-159.32,75.2,20.8
98,Siocon,8,PH,03/24/2019 3:45,93,11.03,124.04,81.12,12.55
99,Ortakoy,75,TR,03/24/2019 3:20,63,38.74,34.04,30.2,23.04
100,Kensington,90,CA,03/24/2019 3:42,87,46.44,-63.64,32,20.8
101,Puerto Escondido,0,MX,03/24/2019 3:45,100,15.86,-97.07,83.73,9.64
102,Tuktoyaktuk,75,CA,03/24/2019 3:00,72,69.44,-133.03,15.8,20.8
103,Klaksvik,88,FO,03/24/2019 3:20,86,62.23,-6.59,39.2,10.29
104,Ribeira Grande,56,PT,03/24/2019 3:45,100,38.52,-28.7,57.9,24.18
105,Muros,0,ES,03/24/2019 3:45,57,42.77,-9.06,55.99,10.2
106,Kupang,40,ID,03/24/2019 3:00,62,-10.16,123.6,89.6,12.75
107,Port Blair,0,IN,03/24/2019 3:42,100,11.67,92.75,82.2,7.74
108,Harper,90,US,03/24/2019 3:41,88,30.3,-99.24,66.2,13.87
109,Carnarvon,8,ZA,03/24/2019 3:45,23,-30.97,22.13,64.38,6.4
110,Payo,24,ID,03/24/2019 3:45,97,-3.75,103.64,78.96,6.17
111,Senj,0,HR,03/24/2019 3:45,57,45.35,13.91,55.99,5.82
112,Cherskiy,12,RU,03/24/2019 3:45,66,68.75,161.3,10.2,2.37
113,Girona,0,ES,03/24/2019 3:43,75,41.98,2.82,57.99,3.36
114,Sao Filipe,68,CV,03/24/2019 3:42,100,14.9,-24.5,69.15,11.65
115,Presidencia Roque Saenz Pena,0,AR,03/24/2019 3:45,78,-26.79,-60.44,65.82,3.71
116,Miyako,20,JP,03/24/2019 3:45,37,33.63,130.94,55.99,9.17
117,Freeport,48,BS,03/24/2019 3:45,100,26.54,-78.7,72.93,11.99
118,Buala,68,SB,03/24/2019 3:43,81,-8.15,159.59,85.8,6.4
119,La Asuncion,76,EC,03/24/2019 3:45,100,-1.64,-78.74,45.12,1.59
120,Charyshskoye,12,RU,03/24/2019 3:45,62,51.4,83.56,33.96,4.61
121,Cassilandia,12,BR,03/24/2019 3:45,88,-19.11,-51.73,71.49,7.74
122,Bayburt,92,TR,03/24/2019 3:45,83,40.26,40.22,18.93,2.93
123,Tateyama,75,JP,03/24/2019 3:45,89,36.66,137.31,51.01,3.36
124,Mecca,0,SA,03/24/2019 3:43,58,21.43,39.83,58.98,2.59
125,Yeppoon,0,AU,03/24/2019 3:00,36,-23.13,150.74,91.4,8.05
126,Palmer,90,US,03/24/2019 3:45,70,61.6,-149.11,44.6,14.99
127,Codrington,0,AU,03/24/2019 3:43,44,-28.95,153.24,95,3.36
128,Ostrovnoy,0,RU,03/24/2019 3:45,87,68.05,39.51,30,19.04
129,Hirado,20,JP,03/24/2019 3:43,34,33.32,129.49,53.01,4.7
130,Barrow,0,AR,03/24/2019 3:42,93,-38.31,-60.23,52.41,5.17
131,Hithadhoo,76,MV,03/24/2019 3:45,98,-0.6,73.08,86.25,8.52
132,Qaanaaq,12,GL,03/24/2019 3:41,81,77.48,-69.36,-26.89,10.76
133,Holme,20,GB,03/24/2019 3:46,86,53.7,-2.31,41,3.36
134,Englewood,20,US,03/24/2019 3:41,93,39.65,-104.99,41,6.93
135,Kahului,40,US,03/24/2019 3:45,65,20.89,-156.47,78.8,23.04
136,Half Moon Bay,75,US,03/24/2019 3:41,81,37.46,-122.43,55.4,6.93
137,Port Elizabeth,1,US,03/24/2019 3:45,38,39.31,-74.98,45,5.82
138,Airai,32,TL,03/24/2019 3:46,65,-8.93,125.41,83.64,1.81
139,Chulman,80,RU,03/24/2019 3:46,66,56.84,124.9,18.57,3.71
140,Pangai,20,TO,03/24/2019 3:00,61,-19.8,-174.35,82.4,6.93
141,Pavlodar,75,KZ,03/24/2019 3:00,100,52.28,76.96,28.4,6.71
142,Playas,68,EC,03/24/2019 3:46,84,-2.64,-80.39,76.8,7.4
143,Gorontalo,12,ID,03/24/2019 3:46,60,0.54,123.06,87.6,2.59
144,Castro,75,CL,03/24/2019 3:00,93,-42.48,-73.76,50,5.82
145,Inverell,0,AU,03/24/2019 3:46,32,-29.78,151.11,95,5.01
146,Gizo,80,IL,03/24/2019 3:46,77,31.8,34.94,59,2.24
147,Luderitz,48,NA,03/24/2019 3:46,93,-26.65,15.16,57.63,9.75
148,Cayenne,75,GF,03/24/2019 3:00,83,4.94,-52.33,78.8,8.05
149,Bathsheba,75,BB,03/24/2019 3:00,83,13.22,-59.52,77,16.11
150,Zyryanka,24,RU,03/24/2019 3:46,72,65.73,150.89,12.54,3.15
151,Nuqui,32,CO,03/24/2019 3:46,95,5.71,-77.27,77.43,2.04
152,Wasilla,90,US,03/24/2019 3:43,70,61.58,-149.44,44.6,3.36
153,Saint Anthony,40,US,03/24/2019 3:45,87,43.97,-111.68,39.2,5.82
154,Sabang,0,PH,03/24/2019 3:46,72,13.72,123.58,82.83,12.66
155,Atuona,92,PF,03/24/2019 3:46,99,-9.8,-139.03,82.65,16.46
156,Kalmunai,0,LK,03/24/2019 3:45,83,7.42,81.82,81.66,3.94
157,Suntar,68,RU,03/24/2019 3:46,61,62.16,117.65,15.96,7.96
158,Talnakh,76,RU,03/24/2019 3:46,83,69.49,88.39,8.94,7.18
159,Kiama,40,AU,03/24/2019 3:46,54,-34.67,150.86,82.4,5.82
160,Ouallam,68,NE,03/24/2019 3:46,16,14.32,2.08,76.53,9.19
161,Tiznit,92,MA,03/24/2019 3:46,100,29.7,-9.73,59.7,6.06
162,Honiara,64,SB,03/24/2019 3:46,87,-9.43,159.96,80.4,2.71
163,Peyima,68,SL,03/24/2019 3:46,93,8.69,-11.04,70.68,3.27
164,Bulancak,75,TR,03/24/2019 2:50,60,40.94,38.23,42.8,11.41
165,Tubbergen,0,NL,03/24/2019 3:46,100,52.41,6.78,39.99,4.38
166,Cabo San Lucas,5,MX,03/24/2019 3:40,77,22.89,-109.91,69.01,7.63
167,Merauke,36,ID,03/24/2019 3:46,99,-8.49,140.4,81.39,9.86
168,San Patricio,0,PY,03/24/2019 3:46,83,-26.98,-56.83,61.86,2.15
169,Hobart,75,AU,03/24/2019 3:37,60,-42.88,147.33,71.01,12.75
170,Paka,0,HR,03/24/2019 3:00,78,45.29,18.06,37.4,5.82
171,Adrar,0,DZ,03/24/2019 3:00,35,27.87,-0.29,57.2,12.75
172,Black Diamond,75,CA,03/24/2019 3:46,93,50.69,-114.23,37.99,9.17
173,Sanmenxia,8,CN,03/24/2019 3:47,40,34.77,111.19,55.74,3.49
174,Fortuna,0,ES,03/24/2019 3:46,81,38.18,-1.13,53.6,3.36
175,Constitucion,5,MX,03/24/2019 2:42,23,23.99,-104.67,64.4,10.29
176,Dikson,68,RU,03/24/2019 3:46,95,73.51,80.55,17.94,23.51
177,Methoni,0,GR,03/24/2019 3:45,41,36.82,21.7,59,6.62
178,Saskylakh,0,RU,03/24/2019 3:41,43,71.97,114.09,-14.29,3.27
179,Vostok,0,RU,03/24/2019 3:47,41,46.45,135.83,24.06,3.94
180,Kushima,20,JP,03/24/2019 3:03,46,31.5,131.29,53.6,6.93
181,Batemans Bay,92,AU,03/24/2019 3:46,78,-35.71,150.18,75.99,3
182,Joshimath,0,IN,03/24/2019 3:47,99,30.57,79.57,8.13,0.58
183,Santa Vitoria do Palmar,0,BR,03/24/2019 3:47,92,-33.52,-53.37,64.2,13
184,Saint George,20,GR,03/24/2019 3:43,86,39.45,22.34,52,6.93
185,Aviles,8,ES,03/24/2019 3:46,87,43.55,-5.92,48.99,1.12
186,Aklavik,75,CA,03/24/2019 3:00,67,68.22,-135.01,21.2,10.29
187,Eatonton,1,US,03/24/2019 3:46,71,33.33,-83.39,55.4,6.17
188,Souillac,0,FR,03/24/2019 3:42,76,45.6,-0.6,48.2,3.36
189,Waitati,8,NZ,03/24/2019 3:38,84,-45.75,170.57,64.99,10
190,Prince George,1,CA,03/24/2019 3:40,80,53.92,-122.75,36,2.37
191,Norman Wells,40,CA,03/24/2019 3:00,83,65.28,-126.83,32,14.99
192,Lethem,0,GY,03/24/2019 3:47,52,3.38,-59.8,83.28,13.89
193,Naze,80,NG,03/24/2019 3:47,93,5.43,7.07,74.1,2.71
194,Victoria,75,BN,03/24/2019 3:00,66,5.28,115.24,89.6,3.36
195,Pevek,0,RU,03/24/2019 3:46,76,69.7,170.27,-3.58,3.6
196,Kloulklubed,75,PW,03/24/2019 2:50,58,7.04,134.26,86,10.29
197,Yellowknife,75,CA,03/24/2019 3:37,55,62.45,-114.38,10.4,10.29
198,Spornoye,0,RU,03/24/2019 3:00,94,50.84,37.29,32,8.95
199,Jining,24,CN,03/24/2019 3:47,49,35.41,116.58,60.6,10.98
200,Nemuro,75,JP,03/24/2019 3:00,79,43.32,145.57,26.6,9.17
201,Abha,0,SA,03/24/2019 3:00,58,18.22,42.5,55.4,4.7
202,Acapulco,5,MX,03/24/2019 2:48,83,16.86,-99.88,80.6,4.7
203,Iqaluit,90,CA,03/24/2019 3:42,78,63.75,-68.52,8.6,25.28
204,Severo-Kurilsk,80,RU,03/24/2019 3:43,98,50.68,156.12,28.92,22.06
205,Scarborough,64,GB,03/24/2019 3:43,80,54.28,-0.41,42.01,5.82
206,West Wendover,90,US,03/24/2019 2:56,93,40.74,-114.07,44.6,6.93
207,Gemena,64,CD,03/24/2019 3:47,95,3.25,19.78,72.12,3.27
208,Zhezkazgan,90,KZ,03/24/2019 3:00,100,47.8,67.71,30.2,2.24
209,Chicama,20,PE,03/24/2019 3:00,88,-7.84,-79.15,68,10.29
210,Imeni Poliny Osipenko,0,RU,03/24/2019 3:47,62,52.42,136.49,23.7,3.71
211,Eureka,1,US,03/24/2019 3:46,100,40.8,-124.16,48.2,6.93
212,Ugoofaaru,0,MV,03/24/2019 3:47,95,5.67,73,85.62,9.75
213,Mahebourg,75,MU,03/24/2019 3:43,83,-20.41,57.7,82.4,11.41
214,Imbituba,40,BR,03/24/2019 3:00,78,-28.24,-48.67,71.6,3.15
215,Tuatapere,44,NZ,03/24/2019 3:40,82,-46.13,167.69,69.01,1.99
216,Clyde River,90,CA,03/24/2019 3:00,83,70.47,-68.59,-14.81,21.92
217,Avera,1,US,03/24/2019 3:45,71,33.19,-82.53,55.4,4.7
218,Port Hedland,75,AU,03/24/2019 3:00,83,-20.31,118.58,80.6,47.2
219,Guasave,5,MX,03/24/2019 3:45,63,25.57,-108.47,66.2,6.93
220,Narsaq,76,GL,03/24/2019 2:50,52,60.91,-46.05,17.6,2.24
221,Lagoa,0,PT,03/24/2019 3:45,58,37.14,-8.45,57.2,13.87
222,Sao Miguel do Araguaia,20,BR,03/24/2019 3:48,95,-13.28,-50.16,73.65,2.93
223,Waingapu,64,ID,03/24/2019 3:48,80,-9.65,120.26,83.19,10.98
224,Coquimbo,75,CL,03/24/2019 3:00,87,-29.95,-71.34,57.2,1.12
225,Maua,12,KE,03/24/2019 3:48,81,0.23,37.94,59.7,1.7
226,Shache,12,CN,03/24/2019 3:46,45,38.42,77.24,39.99,4.38
227,Antofagasta,0,CL,03/24/2019 3:00,72,-23.65,-70.4,62.6,3.36
228,Laguna,0,MX,03/24/2019 3:45,36,27.52,-110.01,69.06,3.38
229,Pauini,64,BR,03/24/2019 3:48,96,-7.71,-67,74.28,2.93
230,Lata,0,IN,03/24/2019 3:48,57,30.78,78.62,49.53,2.04
231,Fare,56,PF,03/24/2019 3:48,99,-16.7,-151.02,84.81,10.98
232,Sheridan,20,US,03/24/2019 3:45,93,39.65,-105.03,41,6.93
233,Monroe,1,US,03/24/2019 3:43,55,41.91,-83.4,39,3.36
234,Kruisfontein,88,ZA,03/24/2019 3:48,83,-34,24.73,66.36,4.38
235,Tura,0,IN,03/24/2019 3:48,71,25.52,90.21,70.86,4.72
236,Nusaybin,75,TR,03/24/2019 3:00,87,37.08,41.21,50,11.41
237,Chuy,0,UY,03/24/2019 3:41,92,-33.69,-53.46,64.2,13
238,Hualmay,20,PE,03/24/2019 3:48,89,-11.1,-77.61,67.17,4.61
239,Nhamunda,8,BR,03/24/2019 3:48,95,-2.19,-56.71,75,2.37
240,Portland,75,US,03/24/2019 3:41,62,45.52,-122.67,53.01,6.93
241,Baruun-Urt,48,MN,03/24/2019 3:48,40,46.68,113.28,39.27,12.1
242,Wagar,0,US,03/24/2019 3:47,70,31.44,-87.99,54,5.95
243,Beaverlodge,75,CA,03/24/2019 3:00,88,55.21,-119.43,37.4,8.05
244,Redlands,90,US,03/24/2019 3:46,82,34.06,-117.19,62.6,12.75
245,Durant,1,US,03/24/2019 3:48,82,33.99,-96.37,66.99,13.87
246,Oyama,40,JP,03/24/2019 3:48,21,36.31,139.8,57,8.05
247,Faanui,32,PF,03/24/2019 3:48,100,-16.48,-151.75,84.81,10.65
248,Mbigou,92,GA,03/24/2019 3:48,97,-1.9,11.91,69.51,3.15
249,Kapuskasing,40,CA,03/24/2019 3:00,47,49.42,-82.43,37.4,8.05
250,Limbang,75,BN,03/24/2019 3:00,70,4.75,115.01,89.6,3.36
251,Provideniya,44,RU,03/24/2019 3:45,100,64.42,-173.23,22.08,23.73
252,Asuncion,0,PY,03/24/2019 3:00,83,-25.3,-57.63,73.4,2.82
253,Lompoc,1,US,03/24/2019 3:45,87,34.64,-120.46,57.2,12.75
254,Broome,80,GB,03/24/2019 3:46,86,52.47,1.45,42.01,3.36
255,Lazaro Cardenas,5,MX,03/24/2019 3:45,21,28.39,-105.62,66.99,5.06
256,Byron Bay,0,AU,03/24/2019 3:48,62,-28.65,153.62,95,12.75
257,Iquitos,0,PE,03/24/2019 3:00,94,-3.75,-73.25,77,2.48
258,Thoen,0,TH,03/24/2019 3:49,41,17.61,99.22,91.83,2.59
259,Ballina,44,IE,03/24/2019 3:48,76,54.11,-9.15,45,20
260,Saint-Denis,90,FR,03/24/2019 3:45,93,48.94,2.36,48.99,6.93
261,Nanortalik,80,GL,03/24/2019 3:41,100,60.14,-45.24,24.6,22.5
262,Fredericton,20,CA,03/24/2019 3:46,55,45.97,-66.65,37.4,13.87
263,Colac,36,AU,03/24/2019 3:42,42,-38.34,143.59,82.99,5.99
264,Bambanglipuro,64,ID,03/24/2019 3:45,98,-7.95,110.28,81.75,4.38
265,Kavieng,80,PG,03/24/2019 3:49,100,-2.57,150.8,80.76,6.62
266,Beloha,8,MG,03/24/2019 3:49,83,-25.17,45.06,74.1,14.67
267,Agirish,12,RU,03/24/2019 3:49,74,61.92,63.02,18.57,5.06
268,Porto Novo,75,BR,03/24/2019 3:00,94,-23.68,-45.44,68,3.36
269,Temiscaming,1,CA,03/24/2019 3:40,79,46.72,-79.1,28,12.75
270,Marystown,88,CA,03/24/2019 3:31,100,47.17,-55.16,36,19.71
271,Grand Gaube,75,MU,03/24/2019 3:43,83,-20.01,57.66,82.4,11.41
272,Georgetown,20,GY,03/24/2019 3:00,94,6.8,-58.16,75.2,4.7
273,Itaituba,88,BR,03/24/2019 3:49,89,-4.26,-55.99,77.52,2.37
274,Hobyo,88,SO,03/24/2019 3:49,79,5.35,48.53,81.12,13.56
275,Naron,0,ES,03/24/2019 3:45,93,43.52,-8.15,55.99,6.93
276,Zadar,0,HR,03/24/2019 3:46,75,44.12,15.24,46.99,1.12
277,Kasongo-Lunda,88,CD,03/24/2019 3:49,97,-6.48,16.82,67.98,0.81
278,Revda,48,RU,03/24/2019 3:49,83,67.94,34.55,28.47,7.74
279,Yulara,24,AU,03/24/2019 3:00,23,-25.24,130.99,96.8,6.93
280,Westport,92,IE,03/24/2019 3:43,84,53.8,-9.52,44.01,1.99
281,Sao Joao da Barra,32,BR,03/24/2019 3:49,97,-21.64,-41.05,80.67,10.87
282,Wakkanai,40,JP,03/24/2019 3:00,63,45.41,141.67,30.2,6.93
283,Matadi,68,CD,03/24/2019 3:49,100,-5.83,13.46,72.3,4.05
284,Eydhafushi,0,MV,03/24/2019 3:49,95,5.1,73.07,85.62,9.75
285,Yinchuan,0,CN,03/24/2019 3:47,45,38.48,106.21,50.43,4.5
286,Balkanabat,76,TM,03/24/2019 3:49,93,39.51,54.36,42.78,5.39
287,San Cristobal,75,EC,03/24/2019 3:45,93,-0.39,-78.55,57.2,4.7
288,Arlit,56,NE,03/24/2019 3:45,31,18.74,7.39,67.53,4.27
289,Mackay,90,CA,03/24/2019 3:15,86,53.65,-115.58,42.8,5.39
290,Los Llanos de Aridane,75,ES,03/24/2019 3:40,63,28.66,-17.92,62.6,8.05
291,Wernberg,0,AT,03/24/2019 3:49,93,46.62,13.93,50,5.82
292,Kilinochchi,0,LK,03/24/2019 3:49,99,9.4,80.4,81.93,8.75
293,Leningradskiy,76,RU,03/24/2019 3:49,83,69.38,178.42,-2.23,19.82
294,Zhigansk,64,RU,03/24/2019 3:49,65,66.77,123.37,12.72,9.64
295,Rafaela,0,AR,03/24/2019 3:45,56,-31.25,-61.49,69.01,8.3
296,Cabedelo,40,BR,03/24/2019 3:00,94,-6.97,-34.84,77,4.7
297,Yendi,64,GH,03/24/2019 3:50,68,9.45,0,81.3,9.64
298,Dubti,0,ET,03/24/2019 3:50,84,11.74,41.09,64.02,3.27
299,Isangel,90,VU,03/24/2019 3:00,70,-19.55,169.27,86,6.93
300,Ambon,0,FR,03/24/2019 3:49,87,47.55,-2.56,48.99,6.93
301,Egvekinot,80,RU,03/24/2019 3:50,74,66.32,-179.17,4.44,4.5
302,Tamandare,48,BR,03/24/2019 3:50,97,-8.28,-70.75,73.38,1.92
303,Dakar,0,SN,03/24/2019 3:00,82,14.69,-17.45,64.4,14.99
304,Comodoro Rivadavia,0,AR,03/24/2019 3:00,87,-45.87,-67.48,53.6,2.24
305,Bubaque,32,GW,03/24/2019 3:46,100,11.28,-15.83,76.35,14.12
306,Talcahuano,0,CL,03/24/2019 3:00,76,-36.72,-73.12,55.4,13.87
307,Almaznyy,75,RU,03/24/2019 3:00,88,48.03,40.04,33.8,8.95
308,Natal,40,BR,03/24/2019 3:00,88,-5.81,-35.21,80.6,4.7
309,Manggar,48,ID,03/24/2019 3:50,99,-2.88,108.27,83.55,5.06
310,East London,0,ZA,03/24/2019 3:38,91,-33.02,27.91,75.63,21.72
311,Cidreira,0,BR,03/24/2019 3:50,93,-30.17,-50.22,62.13,6.17
312,Hamilton,75,BM,03/24/2019 3:46,63,32.3,-64.78,64.4,20.8
313,Hambantota,20,LK,03/24/2019 3:10,94,6.12,81.12,82.4,5.82
314,Podgornoye,80,RU,03/24/2019 3:50,84,57.79,82.64,29.73,3.6
315,Xonacatlan,20,MX,03/24/2019 3:43,24,19.4,-99.53,75.2,3.36
316,Atar,0,MR,03/24/2019 3:50,68,20.52,-13.05,54.66,2.48
317,Kavaratti,12,IN,03/24/2019 3:41,100,10.57,72.64,83.46,10.76
318,Kostomuksha,0,RU,03/24/2019 3:50,76,64.59,30.6,29.46,9.98
319,Mengcheng,68,CN,03/24/2019 3:50,63,33.26,116.57,57.18,8.19
320,San Juan,0,AR,03/24/2019 3:46,64,-31.54,-68.53,63.48,5.06
321,Chabahar,80,IR,03/24/2019 3:50,96,25.29,60.65,73.02,6.96
322,Las Vegas,40,US,03/24/2019 3:45,27,36.17,-115.15,66.99,6.93
323,Bilibino,0,RU,03/24/2019 3:45,67,68.06,166.44,14.7,3.04
324,Huarmey,44,PE,03/24/2019 3:50,82,-10.07,-78.15,66.36,2.93
325,Shimoda,20,JP,03/24/2019 3:42,46,34.7,138.93,55.4,9.17
326,Khartoum,0,SD,03/24/2019 3:30,16,15.59,32.54,77,3.36
327,Edson,90,CA,03/24/2019 3:15,86,53.59,-116.44,39.2,4.83
328,Moyale,0,ET,03/24/2019 3:50,51,3.52,39.05,64.65,4.83
329,Ampanihy,0,MG,03/24/2019 3:50,87,-24.69,44.75,70.32,10.42
330,Richards Bay,8,ZA,03/24/2019 3:50,95,-28.77,32.06,69.6,9.75
331,Dovbysh,32,UA,03/24/2019 3:50,74,50.37,27.99,25.68,4.16
332,Hervey Bay,0,AU,03/24/2019 3:45,48,-25.3,152.85,90,10.29
333,Jambi,64,ID,03/24/2019 3:49,90,-1.6,103.62,79.95,3.83
334,Anloga,20,GH,03/24/2019 3:00,83,5.79,0.9,82.4,11.41
335,Anito,68,PH,03/24/2019 3:51,98,12.45,125.29,79.5,15.57
336,Elizabeth City,1,US,03/24/2019 3:50,69,36.3,-76.22,46.4,5.5
337,Soyo,64,AO,03/24/2019 3:51,97,-6.13,12.37,74.91,2.59
338,Filingue,64,NE,03/24/2019 3:51,22,14.35,3.32,75.99,10.2
339,Palimbang,75,PH,03/24/2019 3:49,48,14.9,120.78,91,6.93
340,Matagami,44,NG,03/24/2019 3:51,81,9.67,8.4,68.16,3.49
341,Sabha,36,LY,03/24/2019 3:51,53,27.03,14.43,52.23,7.18
342,Ancud,75,CL,03/24/2019 3:00,93,-41.87,-73.83,50,5.82
343,Jaisalmer,36,IN,03/24/2019 3:48,57,26.91,70.91,67.62,11.32
344,Verkhoturye,0,RU,03/24/2019 3:51,65,58.86,60.81,16.5,2.37
345,Bereda,0,ES,03/24/2019 3:50,93,43.27,-7.54,48.99,4.7
346,Chapais,90,CA,03/24/2019 3:00,41,49.78,-74.86,23,8.05
347,Sitka,0,US,03/24/2019 3:46,77,37.17,-99.65,48,10
348,Kalnibolotskaya,76,RU,03/24/2019 3:45,90,46.01,40.45,30,8.41
349,Tilichiki,0,RU,03/24/2019 3:51,76,60.47,166.1,17.04,7.74
350,Matara,56,PE,03/24/2019 3:51,93,-13.74,-72.9,41.43,1.48
351,Te Anau,88,NZ,03/24/2019 3:42,68,-45.41,167.72,65.82,9.64
352,Port Victoria,68,AU,03/24/2019 3:51,84,-34.5,137.49,71.76,17.02
353,Kourou,75,GF,03/24/2019 3:00,83,5.16,-52.64,78.8,8.05
354,Kendal,20,ID,03/24/2019 3:00,94,-6.92,110.2,77,3.36
355,Qaqortoq,80,GL,03/24/2019 2:50,52,60.72,-46.03,17.6,2.24
356,Tommot,76,RU,03/24/2019 3:51,74,58.97,126.27,22.98,3.83
357,Nome,1,US,03/24/2019 3:50,82,30.04,-94.42,64.99,4.7
358,Atambua,44,ID,03/24/2019 3:51,100,-9.11,124.89,81.66,4.72
359,Innisfail,90,CA,03/24/2019 3:50,100,52.02,-113.95,33.8,5.82
360,Atbasar,64,KZ,03/24/2019 3:51,93,51.81,68.36,32.7,3.83
361,Launceston,40,AU,03/24/2019 3:46,52,-41.43,147.14,69.8,20.8
362,Northam,92,GB,03/24/2019 3:51,65,51.04,-4.21,46.4,3.36
363,Beian,75,NO,03/24/2019 3:50,74,63.66,9.57,37.99,25.28
364,Cervo,44,BR,03/24/2019 3:51,96,-22.19,-46.24,61.59,0.58
365,Zatoka,75,PL,03/24/2019 3:51,87,50.04,20.52,48.99,4.7
366,Sao Jose da Coroa Grande,24,BR,03/24/2019 3:51,96,-8.9,-35.15,76.62,5.5
367,Husavik,12,CA,03/24/2019 3:50,88,50.56,-96.99,30.99,8.01
368,Mehamn,32,NO,03/24/2019 3:51,76,71.03,27.85,23.07,7.07
369,Coihaique,0,CL,03/24/2019 3:00,87,-45.58,-72.07,48.2,3.36
370,Pandamatenga,0,BW,03/24/2019 3:51,59,-18.54,25.64,70.41,12.66
371,Placido de Castro,88,BR,03/24/2019 3:51,89,-10.34,-67.19,74.46,1.92
372,Bilma,44,NE,03/24/2019 3:51,12,18.69,12.92,70.86,12.77
373,Baculin,32,PH,03/24/2019 3:51,84,7.45,126.58,79.95,13.44
374,Male,24,UA,03/24/2019 3:52,77,50.74,33.7,23.97,5.61
375,Lewistown,1,US,03/24/2019 3:51,61,40.39,-90.15,50,6.93
376,Rio Verde de Mato Grosso,0,BR,03/24/2019 3:52,71,-18.92,-54.84,73.47,5.84
377,Arbazh,76,RU,03/24/2019 3:52,78,57.68,48.31,23.61,5.39
378,Shenjiamen,36,CN,03/24/2019 3:52,91,29.96,122.3,52.14,10.31
379,Trelew,0,AR,03/24/2019 3:52,67,-43.25,-65.31,55.47,15.79
380,Surt,92,LY,03/24/2019 3:52,100,31.21,16.59,57.27,8.63
381,Theunissen,12,ZA,03/24/2019 3:52,86,-28.4,26.71,60.15,9.75
382,Bamiantong,12,CN,03/24/2019 3:52,71,44.93,130.53,33.96,9.19
383,Viedma,92,AR,03/24/2019 3:52,76,-40.81,-62.99,59.88,25.75
384,Redmond,40,US,03/24/2019 3:50,50,47.67,-122.12,53.6,3.36
385,Geraldton,75,CA,03/24/2019 3:00,64,49.72,-86.95,35.6,18.34
386,Barbacoas,88,CO,03/24/2019 3:52,98,1.67,-78.14,73.65,1.48
387,Vanimo,20,PG,03/24/2019 3:52,100,-2.67,141.3,83.1,7.96
388,Vestmanna,88,FO,03/24/2019 3:20,86,62.16,-7.17,39.2,10.29
389,Takoradi,24,GH,03/24/2019 3:52,100,4.89,-1.75,80.67,5.39
390,Estelle,1,US,03/24/2019 3:49,72,32.87,-97.01,68,8.05
391,Ibimirim,64,BR,03/24/2019 3:52,96,-8.54,-37.69,67.8,1.25
392,Vao,44,EE,03/24/2019 3:52,84,59.1,26.19,34.05,13.11
393,Jiangyou,80,CN,03/24/2019 3:52,63,31.78,104.73,51.33,3.83
394,Falam,0,MM,03/24/2019 3:52,51,22.91,93.68,71.22,1.92
395,Koroni,0,GR,03/24/2019 3:50,41,36.8,21.96,59,15.68
396,Veshenskaya,80,RU,03/24/2019 3:52,88,49.63,41.73,31.53,4.94
397,Muzambinho,24,BR,03/24/2019 3:52,93,-21.37,-46.52,65.46,2.71
398,Bilsanda,0,IN,03/24/2019 3:52,46,28.25,79.95,76.08,14.9
399,Paveh,90,IR,03/24/2019 3:00,86,35.05,46.36,41,4.7
400,Flinders,40,AU,03/24/2019 3:52,54,-34.58,150.85,82.99,5.82
401,Katsuura,40,JP,03/24/2019 3:48,71,33.93,134.5,51.8,16.11
402,Fairbanks,1,US,03/24/2019 3:45,52,64.84,-147.72,44.6,4.7
403,Menongue,48,AO,03/24/2019 3:52,60,-14.66,17.68,67.98,2.48
404,Pa Sang,24,TH,03/24/2019 3:42,45,18.53,98.94,95,2.24
405,Morros,75,BR,03/24/2019 3:00,94,-2.87,-44.04,77,2.24
406,Romitan,20,UZ,03/24/2019 3:00,87,39.93,64.38,44.6,9.17
407,Komsomolskiy,76,RU,03/24/2019 3:52,85,67.55,63.78,22.26,19.48
408,Slave Lake,1,CA,03/24/2019 3:00,48,55.28,-114.77,42.8,4.7
409,Kuhdasht,75,IR,03/24/2019 3:00,100,33.53,47.61,44.6,2.24
410,Port-Gentil,88,GA,03/24/2019 3:52,100,-0.72,8.78,76.89,0.69
411,Ust-Nera,0,RU,03/24/2019 3:52,71,64.57,143.24,11.55,2.71
412,Catalina,20,CO,03/24/2019 3:00,83,8.86,-75.38,80.6,8.19
413,Asyut,0,EG,03/24/2019 3:00,55,27.18,31.19,62.6,20.8
414,Funadhoo,0,MV,03/24/2019 3:52,98,6.15,73.27,84.72,9.42
415,Kieta,100,PG,03/24/2019 3:52,98,-6.22,155.63,80.58,4.72
416,Binzhou,0,CN,03/24/2019 3:48,22,37.38,117.96,63,3
417,Gat,0,SN,03/24/2019 3:00,82,14.69,-16.54,64.4,14.99
418,Bowen,40,AU,03/24/2019 3:52,74,-20.01,148.25,90,12.75
419,Iquique,0,CL,03/24/2019 3:00,68,-20.22,-70.14,68,2.24
420,Skibotn,75,NO,03/24/2019 3:48,86,69.39,20.27,33.8,12.75
421,Thaton,0,MM,03/24/2019 3:53,85,16.91,97.37,86.07,5.73
422,Morondava,0,MG,03/24/2019 3:53,100,-20.3,44.28,76.98,5.39
423,Labuhan,64,ID,03/24/2019 3:53,83,-2.54,115.51,82.29,3.04
424,Sovetskiy,64,RU,03/24/2019 3:53,90,56.76,48.47,27.03,6.51
425,Chacabuco,12,AR,03/24/2019 3:53,74,-34.64,-60.47,66.63,11.65
426,Turukhansk,80,RU,03/24/2019 3:53,91,65.8,87.96,21.09,6.62
427,Acari,88,BR,03/24/2019 3:53,97,-6.44,-36.64,70.68,2.93
428,Brewster,1,US,03/24/2019 3:53,47,41.76,-70.08,37.99,12.75
429,Visnes,44,NO,03/24/2019 3:52,86,59.36,5.22,42.01,18.34
430,Beringovskiy,92,RU,03/24/2019 3:51,88,63.05,179.32,16.77,19.6
431,Kuytun,56,RU,03/24/2019 3:53,77,54.34,101.51,29.64,3.49
432,San Miguel,0,AR,03/24/2019 3:53,77,-34.54,-58.72,70,2.24
433,Nampula,75,MZ,03/24/2019 3:00,100,-15.12,39.26,73.4,3.36
434,Lorengau,68,PG,03/24/2019 3:53,97,-2.02,147.27,83.37,10.09
435,Fukue,75,JP,03/24/2019 3:51,46,35.03,136.69,57.99,19.46
436,Edgewater,1,US,03/24/2019 3:52,76,28.99,-80.9,64,7.74
437,Nara,40,JP,03/24/2019 3:53,50,34.68,135.8,52,11.41
438,Lubango,36,AO,03/24/2019 3:53,93,-14.92,13.49,64.02,2.26
439,Yerbogachen,48,RU,03/24/2019 3:53,46,61.28,108.01,9.66,6.4
440,Broken Hill,40,AU,03/24/2019 3:00,78,-31.97,141.45,71.6,14.99
441,Rundu,0,NA,03/24/2019 3:53,47,-17.91,19.77,69.69,7.4
442,Wundanyi,80,KE,03/24/2019 3:53,94,-3.4,38.37,66.72,1.7
443,Odder,56,DK,03/24/2019 3:52,100,55.98,10.15,37,5.82
444,Gushikawa,75,JP,03/24/2019 3:00,56,26.35,127.87,71.6,12.75
445,Bitkine,44,TD,03/24/2019 3:53,42,11.98,18.21,74.28,4.16
446,Guasdualito,75,VE,03/24/2019 3:00,51,7.24,-70.73,84.2,6.51
447,Jian,0,IN,03/24/2019 3:53,37,25.65,87.89,77.88,3.15
448,Goderich,0,CA,03/24/2019 3:53,75,43.74,-81.71,35.01,8.99
449,Tecpan,0,GT,03/24/2019 3:50,67,14.76,-90.99,62.6,20.8
450,Salalah,75,OM,03/24/2019 2:50,78,17.01,54.1,78.8,6.93
451,Caravelas,44,BR,03/24/2019 3:52,100,-17.73,-39.27,82.38,16.8
452,Santa Lucia,5,IT,03/24/2019 2:55,50,39.93,9.66,55.4,4.7
453,Baragua,36,CU,03/24/2019 3:53,90,21.7,-78.63,73.83,12.88
454,Mount Gambier,40,AU,03/24/2019 3:20,53,-37.83,140.78,77,18.34
455,Ankazoabo,8,MG,03/24/2019 3:53,80,-22.29,44.51,71.13,7.4
456,Tsaratanana,44,MG,03/24/2019 3:54,91,-16.8,47.65,67.53,3.71
457,Makakilo City,1,US,03/24/2019 3:52,47,21.35,-158.09,80.6,11.41
458,Pacific Grove,40,US,03/24/2019 3:53,66,36.62,-121.92,55.99,4.7
459,Harer,1,US,03/24/2019 3:53,100,42.19,-111.17,39.99,3.36
460,Twin Falls,90,US,03/24/2019 3:45,87,42.57,-114.46,48,4.7
461,Ilulissat,68,GL,03/24/2019 2:50,49,69.22,-51.1,3.2,20.8
462,Vila Franca do Campo,40,PT,03/24/2019 3:53,81,37.72,-25.43,55,25.28
463,Meulaboh,88,ID,03/24/2019 3:54,100,4.14,96.13,78.42,4.38
464,Vanderhoof,0,CA,03/24/2019 3:54,75,54.02,-124.02,34.23,2.26
465,San Carlos,64,VE,03/24/2019 3:54,47,9.66,-68.59,84.54,6.73
466,Motygino,88,RU,03/24/2019 3:54,81,58.18,94.69,28.2,2.71
467,Kibondo,88,TZ,03/24/2019 3:54,95,-3.59,30.72,61.32,1.48
468,Verkhoyansk,36,RU,03/24/2019 3:53,71,67.55,133.39,7.95,3.71
469,Aketi,56,CD,03/24/2019 3:54,96,2.74,23.78,71.85,3.38
470,Bonthe,44,SL,03/24/2019 3:54,85,7.53,-12.5,78.78,2.71
471,Shirokiy,0,RU,03/24/2019 3:51,89,53.87,39.17,25,2.82
472,Olavarria,8,AR,03/24/2019 3:50,84,-36.89,-60.32,58.8,11.65
473,Muzhi,36,RU,03/24/2019 3:54,78,65.4,64.7,15.78,13.44
474,Nuevo Progreso,40,US,03/24/2019 3:53,83,26.05,-97.95,71.6,10.29
475,Beidao,0,CN,03/24/2019 3:54,80,34.57,105.89,42.6,3.94
476,Florence,40,US,03/24/2019 3:54,52,34.8,-87.68,57,5.82
477,Puerto del Rosario,20,ES,03/24/2019 3:30,72,28.5,-13.86,60.8,8.05
478,Corbu,0,RO,03/24/2019 3:30,68,44.41,28.66,30,6.93
479,Beisfjord,88,NO,03/24/2019 3:45,93,68.38,17.6,37,35.57
480,Bunia,8,CD,03/24/2019 3:52,83,1.56,30.25,59.97,2.15
481,Elko,90,US,03/24/2019 3:48,93,40.83,-115.76,37,1.92
482,Bundaberg,0,AU,03/24/2019 3:45,48,-24.87,152.35,90,10.29
483,Vestmannaeyjar,32,IS,03/24/2019 3:54,97,63.44,-20.27,36.66,30.89
484,Paita,24,PE,03/24/2019 3:54,76,-5.09,-81.11,75.18,5.95
485,Manjeshwar,20,IN,03/24/2019 3:00,74,12.72,74.89,80.6,4.7
486,Sisimiut,68,GL,03/24/2019 3:52,75,66.94,-53.67,-12.4,1.59
487,Porbandar,0,IN,03/24/2019 3:00,57,21.64,69.61,78.8,17.22
488,Marzuq,0,YE,03/24/2019 3:54,86,14.4,46.47,47.37,2.37
489,Dunmore Town,0,BS,03/24/2019 3:54,100,25.5,-76.65,73.92,13.89
490,Hofn,0,IS,03/24/2019 3:54,100,64.25,-15.21,38.46,20.49
491,College,1,US,03/24/2019 3:51,52,64.86,-147.8,44.6,4.7
492,Hay River,40,CA,03/24/2019 3:00,57,60.82,-115.79,23,11.41
493,Pontes e Lacerda,12,BR,03/24/2019 3:54,89,-15.23,-59.33,73.47,2.82
494,Yenagoa,44,NG,03/24/2019 3:54,93,4.92,6.26,75.99,5.95
495,Seymchan,12,RU,03/24/2019 3:54,83,62.93,152.39,14.7,3.27
496,Myitkyina,0,MM,03/24/2019 3:54,85,25.38,97.4,68.16,2.93
497,Skagen,0,SE,03/24/2019 3:53,74,58.6,13.44,39.2,10.29
498,Kozmodemyansk,90,RU,03/24/2019 3:00,100,56.33,46.55,28.4,11.18
499,Storforshei,88,NO,03/24/2019 3:53,93,66.4,14.52,32,10
500,Bangsund,88,NO,03/24/2019 3:55,77,64.4,11.39,41,8.01
501,Mendi,24,ET,03/24/2019 3:55,53,9.8,35.1,64.11,2.59
502,The Valley,20,AI,03/24/2019 3:46,74,18.22,-63.06,78.8,11.41
503,Yazman,92,SY,03/24/2019 3:55,98,36.74,38.46,48.81,5.95
504,Batticaloa,0,LK,03/24/2019 3:55,98,7.71,81.69,81.75,3.71
505,Canutama,48,BR,03/24/2019 3:55,89,-6.53,-64.38,77.52,2.59
506,Sampit,32,ID,03/24/2019 3:55,91,-2.54,112.95,85.08,4.94
507,San Ignacio,0,CL,03/24/2019 3:00,59,-36.8,-72.03,60.8,8.05
508,Ronneby,24,SE,03/24/2019 3:50,93,56.21,15.28,36,5.82
509,Evensk,0,RU,03/24/2019 3:55,89,61.92,159.24,30.36,15.23
510,Sovetskaya,0,RU,03/24/2019 3:46,8,44.78,41.17,28,5.99
511,Svetlogorsk,92,RU,03/24/2019 3:00,92,53.14,59.15,23,4.47
512,Novyy Urengoy,80,RU,03/24/2019 3:55,91,66.08,76.63,22.17,6.06
513,Belmonte,0,PT,03/24/2019 3:55,68,40.36,-7.35,44.76,6.17
514,Galveston,1,US,03/24/2019 3:55,51,40.58,-86.19,42.01,4.5
515,Hauterive,0,FR,03/24/2019 3:45,81,46.09,3.45,37.4,3.36
516,Port Macquarie,20,AU,03/24/2019 3:00,34,-31.43,152.91,98.01,10.29
517,Kununurra,0,AU,03/24/2019 3:00,46,-15.77,128.74,93.2,11.41
518,Qarqin,0,AF,03/24/2019 3:55,75,37.41,66.03,50.07,16.69
519,Shonguy,40,RU,03/24/2019 3:00,68,68.75,33.15,30.2,4.47
520,Praya,40,ID,03/24/2019 3:30,70,-8.71,116.27,86,14.99
521,Muhos,92,FI,03/24/2019 3:54,64,64.81,26,37.4,23.04
522,El Dorado,0,VE,03/24/2019 3:55,57,6.71,-61.64,79.59,4.94
523,Buin,0,CL,03/24/2019 3:54,45,-33.73,-70.74,77,3.36
524,Tourlaville,90,FR,03/24/2019 3:50,87,49.64,-1.57,48.99,8.05
525,Yidu,92,CN,03/24/2019 3:55,80,30.39,111.44,53.67,4.38
526,Sainte-Marie,5,CA,03/24/2019 3:55,50,46.45,-71.03,30.99,14.99
527,Ucluelet,12,CA,03/24/2019 3:55,90,48.94,-125.55,46.99,1.92
528,San Angelo,1,US,03/24/2019 3:55,41,31.46,-100.44,64,8.05
529,Srandakan,64,ID,03/24/2019 3:55,98,-7.94,110.25,81.75,4.38
530,Umm Lajj,20,SA,03/24/2019 3:55,80,25.02,37.27,66.72,8.63
531,Igarka,76,RU,03/24/2019 3:55,85,67.47,86.57,18.03,10.54
532,Balboa,100,CO,03/24/2019 3:55,98,2.04,-77.22,67.62,1.81
533,Kamo,75,JP,03/24/2019 3:40,60,37.64,139.08,41,13.87
534,La Orilla,0,MX,03/24/2019 3:56,98,18,-102.23,73.56,2.82
535,Itoman,75,JP,03/24/2019 3:00,52,26.12,127.67,71.6,12.75
536,Abu Dhabi,56,AE,03/24/2019 3:00,57,24.47,54.37,78.8,11.41
537,Kadhan,0,PK,03/24/2019 3:56,58,24.48,68.99,73.92,13
538,Manali,24,IN,03/24/2019 3:56,77,32.25,77.19,-0.25,1.25
539,Havoysund,80,NO,03/24/2019 2:50,73,71,24.66,26.6,10.29
540,Puerto Baquerizo Moreno,0,EC,03/24/2019 3:56,95,-0.9,-89.6,79.77,13.89
541,Gimli,12,CA,03/24/2019 3:50,88,50.63,-96.99,30.99,8.01
542,Umm Kaddadah,0,SD,03/24/2019 3:56,27,13.6,26.69,65.64,2.93
543,Gerash,20,IR,03/24/2019 3:00,93,27.67,54.14,50,2.37
544,Macusani,36,PE,03/24/2019 3:56,100,-14.07,-70.43,51.87,0.69
545,Gigmoto,0,PH,03/24/2019 3:56,89,13.78,124.39,81.75,12.77
546,Ankang,36,CN,03/24/2019 3:56,56,32.73,108.99,48.9,2.93
547,Kovernino,88,RU,03/24/2019 3:56,89,57.13,43.81,23.52,7.4
548,Angoram,56,PG,03/24/2019 3:56,66,-4.06,144.07,88.5,2.71
549,Mao,20,DO,03/24/2019 3:50,83,19.55,-71.08,75.99,4.7
550,Ancona,1,US,03/24/2019 3:55,56,41.04,-88.87,48.99,6.93
